Year,Month,DayofMonth,DayOfWeek,DepTime,CRSDepTime,ArrTime,CRSArrTime,UniqueCarrier,FlightNum,TailNum,ActualElapsedTime,CRSElapsedTime,AirTime,ArrDelay,DepDelay,Origin,Dest,Distance,TaxiIn,TaxiOut,Cancelled,CancellationCode,Diverted,CarrierDelay,WeatherDelay,NASDelay,SecurityDelay,LateAircraftDelay
2008,1,4,7,632,615,756,735,02Q,4794,N886AS,84,80,62,21,17,LAS,JFK,357,8,14,1,D,0,17,0,4,0,0
2008,1,4,7,632,615,756,735,02Q,4794,N886AS,84,80,62,21,17,LAS,JFK,357,8,14,1,D,0,17,0,4,0,0
2008,1,4,7,632,615,756,735,02Q,4794,N886AS,84,80,62,21,17,LAS,JFK,357,8,14,1,D,0,17,0,4,0,0
2008,5,5,1,630,615,741,735,EV,4794,N873AS,71,80,56,6,15,ROA,ATL,357,8,7,1,D,0,NA,112,NA,NA,NA
2008,5,6,2,611,615,729,735,EV,4794,N916EV,78,80,58,-6,-4,ROA,ATL,357,9,11,0,,0,NA,NA,NA,NA,NA
2008,5,7,3,611,615,725,735,EV,4794,N856AS,74,80,61,-10,-4,ROA,ATL,357,6,7,0,,0,NA,NA,NA,NA,NA
2008,3,8,4,613,615,742,735,EV,4794,N881AS,89,80,58,7,-2,LAS,JFK,357,6,25,0,,0,NA,7,NA,NA,NA
2008,3,8,4,613,615,742,735,EV,4794,N881AS,89,80,58,7,-2,LAS,JFK,357,6,25,0,,0,NA,7,NA,NA,NA
2008,3,8,4,613,615,742,735,EV,4794,N881AS,89,80,58,7,-2,LAS,JFK,357,6,25,0,,0,NA,7,NA,NA,NA
2008,3,8,4,613,615,742,735,EV,4794,N881AS,89,80,58,7,-2,LAS,JFK,357,6,25,0,,0,NA,7,NA,NA,NA
2008,3,8,4,613,615,742,735,EV,4794,N881AS,89,80,58,7,-2,LAS,JFK,357,6,25,0,,0,NA,7,NA,NA,NA
2008,5,9,5,615,615,736,735,EV,4794,N824AS,81,80,59,1,0,ROA,ATL,357,7,15,0,,0,NA,NA,NA,NA,NA
2008,5,10,5,615,615,736,735,EV,4794,N824AS,81,80,59,1,0,JFK,LAS,357,7,15,0,,0,NA,NA,NA,NA,NA

